prompt_id,model_label,overall,notes
kitchen_sign,PRO,10,"Excellent image that perfectly captures the requested watercolor animation style. All required elements are present, and the text rendering is flawless and perfectly integrated into the scene."
kitchen_sign,FLASH,10,Excellent adherence to prompt and style. All required elements and text are present and perfectly rendered. The watercolor animation style is beautifully executed.
kitchen_sign,IMAGEN-4-FAST,6,"The image successfully captures the cozy, warm, hand-painted style and includes all requested objects. However, it fails on the text requirements: 'SOUP DAY' is missing, and 'BASIL' is duplicated on the wooden sign. Furthermore, the text appears as a flat digital overlay rather than being integrated into the hand-painted aesthetic."
kitchen_sign,IMAGEN-4-STANDARD,10,"The image perfectly captures all required elements and text with flawless spelling. The style matches the requested warm, hand-painted animated feature film look beautifully, with clean shapes and a cozy atmosphere."
kitchen_sign,IMAGEN-4-ULTRA,10,"The image perfectly captures the requested style and includes all required elements. The text rendering is flawless, with all three requested phrases spelled correctly and placed on the appropriate objects. The composition is clean and highly usable."
market_map,PRO,9,"Beautiful watercolor style matching the target perfectly. All required elements and exact text are present. The placement of the 'TEA' label is slightly ambiguous, floating between the top tea stall and the middle bread stall (which confusingly has a teapot on its awning), but otherwise a fantastic generation."
market_map,FLASH,7,"The image perfectly captures the requested warm, hand-painted watercolor style and includes the notice board, map, north arrow, and dashed paths. However, it fails the 'exactly four labeled stalls' constraint by including a second stall labeled 'BREAD', resulting in five labels total. The text rendering itself is excellent and highly readable."
market_map,IMAGEN-4-FAST,8,"The image successfully captures the requested style and includes all required elements. All requested text is rendered perfectly. However, the distribution of the labels is slightly flawed, with one stall having two labels ('FLOWERS' and 'TOOLS') while another stall is left blank."
market_map,IMAGEN-4-STANDARD,5,"The image successfully captures the requested style and includes all required elements like the notice board, map, north arrow, and dashed path. However, it fails the 'exactly four labeled stalls' constraint by including several extra stalls with gibberish text (e.g., 'BREALS', 'MOKY'). While the requested words are present, the extra text significantly detracts from the result."
market_map,IMAGEN-4-ULTRA,6,"All required elements and exact text are present with perfect spelling and readability. The style matches the requested warm, hand-painted animation look. However, there is a major logical flaw: the visual contents of the stalls are completely mismatched with their labels (e.g., the stall selling bread is labeled 'TEA', the stall with a teapot is labeled 'BREAD')."
train_platform,PRO,10,"The image perfectly follows all instructions. The counts (one suitcase, two lanterns, one cat) and spatial relationships (suitcase on left, cat to the right of the blue vending machine) are exact. The style beautifully captures the requested warm, hand-painted animated feature film look with rich watercolor textures. No stray text is present, and the composition is highly editable."
train_platform,FLASH,7,"The image perfectly captures the requested style and most elements, including the correct spatial relationships. However, it failed the exact count constraint for the lanterns (generating three instead of two) and included unprompted text ('RURAL STOP', 'DRINKS')."
train_platform,IMAGEN-4-FAST,5,"The image perfectly captures the requested warm, animated feature film style and golden hour setting. However, it fails two specific prompt constraints: there are three paper lanterns instead of exactly two, and the black cat is sitting to the left of the blue vending machine rather than to the right. Additionally, there is some unrequested gibberish text on the vending machine."
train_platform,IMAGEN-4-STANDARD,7,"The image perfectly captures the requested animated feature film style and includes all required elements with the correct counts. However, it fails the spatial constraint: the black cat is sitting to the left of the blue vending machine, not the right. Additionally, there is a significant amount of unrequested gibberish text on the signs, lanterns, and vending machine."
train_platform,IMAGEN-4-ULTRA,8,"The image perfectly captures the requested style and includes all required elements with correct counts. However, it fails the spatial constraint for the cat, placing it to the left of the vending machine instead of the right. Additionally, unrequested pseudo-text appears on the signs."
rainy_bicycle,PRO,10,"The image perfectly captures all required elements, including the specific placement of the raincoat and basket. The style is a beautiful, warm watercolor that matches the prompt's request for an animated feature film still. The puddle reflection is particularly well-executed."
rainy_bicycle,FLASH,10,"The image perfectly captures all required elements, including the specific placement of the raincoat and basket. The style is a beautiful match for the requested hand-painted watercolor animation look."
rainy_bicycle,IMAGEN-4-FAST,10,"Excellent adherence to all prompt elements. The style perfectly matches the requested warm, hand-painted animated feature film look with watercolor textures. The composition is clean and the reflection is well-executed."
rainy_bicycle,IMAGEN-4-STANDARD,10,"The image perfectly captures all required elements of the prompt, including the specific placement of the raincoat and basket. The puddle reflections are beautifully rendered. The style accurately reflects the requested warm, hand-painted animated feature film look with clean shapes and watercolor-like textures."
rainy_bicycle,IMAGEN-4-ULTRA,9,"Beautifully rendered in the requested animated film style with excellent puddle reflections. All elements are present, but the yellow raincoat is hanging on the right handlebar (from the rider's perspective) instead of the requested left handlebar. Additionally, the scene depicts active rain rather than 'after rain'."
character_sheet,PRO,10,"The image perfectly executes the prompt. All required clothing items and accessories are present and consistent across the front, side, and back views, as well as the expression inset. The watercolor animated film style is beautifully rendered."
character_sheet,FLASH,6,"The image perfectly captures the requested watercolor animation style and includes all the required character elements. However, it fails the 'consistent outfit' constraint by adding a backpack in the side and back views, and the compass necklace changes position. Unprompted text labels were also generated."
character_sheet,IMAGEN-4-FAST,9,"Excellent character consistency across the front, side, and back views. All requested clothing items and accessories are present. The facial expression inset is present but poorly cropped at the edge of the frame. The style is clean and animated, though it lacks the 'rich watercolor backgrounds' requested, opting instead for a plain white background with a watercolor border."
character_sheet,IMAGEN-4-STANDARD,8,"The character sheet successfully includes all requested views and clothing items with excellent consistency. However, the style target requested 'rich watercolor backgrounds' which is missing (plain white background instead). Additionally, the word 'FRONT' appears as stray text, and the 'expression inset' is just a neutral headshot rather than a distinct expression."
character_sheet,IMAGEN-4-ULTRA,9,"Excellent character sheet that hits all the required views and the expression inset. The outfit is highly consistent across all angles, with only a very minor logical inconsistency in how the scarf ends drape between the front view (both ends in front) and the side/back views (one end in back). The style perfectly matches the requested warm, hand-painted animation look with watercolor background elements."
tiny_workshop,PRO,6,"The image beautifully captures the requested watercolor animation style and includes all requested items. However, it fails the exact count constraint by including 9 jars instead of exactly 7. Additionally, unprompted text was added to the jars, including a typo ('LARSE')."
tiny_workshop,FLASH,6,"The image successfully captures the requested style and includes most of the required elements like the attic setting, wind-up bird, blueprints, magnifying glass, and round moonlit window. However, it fails the specific count constraint for the jars, showing a row of six instead of exactly seven, with many other jars scattered around. It also includes unprompted and slightly misspelled text on the jar labels."
tiny_workshop,IMAGEN-4-FAST,5,"The image captures the requested warm, animated style beautifully, but fails significantly on the exact counts. There are 12 jars of screws instead of exactly seven, and 5 rolled blueprints instead of two. Additionally, the mechanical bird appears fully built rather than half-built."
tiny_workshop,IMAGEN-4-STANDARD,3,"The image fails almost all specific constraints: there are 15 jars instead of exactly 7, 3 rolled blueprints instead of 2, 3 magnifying glasses instead of 1, and the window shows daylight (blue sky and clouds) instead of moonlight. Additionally, there is unwanted gibberish text on a framed sign on the wall. The style, however, matches the requested warm animated feature film look well."
tiny_workshop,IMAGEN-4-ULTRA,10,"Perfectly captures all elements including the exact counts (7 jars of screws, 2 rolled blueprints). The style matches the requested hand-painted animated film look beautifully with clean shapes and a warm atmosphere."
no_extra_animals,PRO,10,"The image perfectly follows all instructions, including the negative constraints (no animals, plants, extra people, logos, or text). The style is a beautiful match for a warm, hand-painted animated feature film still with watercolor elements."
no_extra_animals,FLASH,10,"The image perfectly captures the requested subject and setting while strictly adhering to all negative constraints. The style is a beautiful match for a warm, hand-painted animated feature film still with watercolor elements."
no_extra_animals,IMAGEN-4-FAST,7,"The image successfully captures the elderly ceramicist, pottery wheel, and clay bowl in the requested animated style. However, it fails the negative constraint 'no plants' as there is a small potted plant visible on the window sill on the right."
no_extra_animals,IMAGEN-4-STANDARD,8,"The image beautifully captures the requested animated feature film style with clean shapes and warm colors. All positive prompts are met. However, the negative constraint 'no plants' is violated by the foliage visible outside the window. Additionally, the character's hands holding the bowl are slightly malformed."
no_extra_animals,IMAGEN-4-ULTRA,10,"The image perfectly follows all instructions, including the negative constraints (no animals, plants, extra people, logos, or text). The style accurately reflects a warm, hand-painted animated feature film still."
poster_layout,PRO,3,"The model generated a triptych-like layout with a central framed image and faded side panels instead of a single clean travel poster. While the central panel contains all the requested elements (cliffside town, blank sky, central road, empty foreground) and the watercolor style is excellent, the overall composition is unusable without cropping."
poster_layout,FLASH,10,"The image perfectly follows all instructions. The top sky is exactly as requested for a title, the bottom border provides a perfect empty strip for a subtitle, and the watercolor style is beautifully executed with clean shapes and warm colors."
poster_layout,IMAGEN-4-FAST,6,"The model perfectly captured the requested watercolor animated film style and followed the layout constraints well, providing a clear central road and blank sky. However, it hallucinated the text 'TRAVEL SUBTLE' (likely a misinterpretation of the word 'subtitle') in the foreground strip instead of leaving it completely empty, which negatively impacts the text rendering score and requires extra editing to fix."
poster_layout,IMAGEN-4-STANDARD,7,"The image perfectly captures the requested animated film style and the specific layout constraints, including the blank sky and central road. However, it generated unprompted, nonsensical text in the foreground strip, which was supposed to be empty. Fortunately, the text is on a solid white background, making it very easy to edit out."
poster_layout,IMAGEN-4-ULTRA,5,"The model successfully created the requested layout with a cliffside town and central road. However, it completely failed the 'blank' and 'empty' constraints by generating literal placeholder text ('25%', 'YOUR TITLE', 'YOUR SBBITILE') in the areas specifically requested to be left empty for future use. The style matches the prompt well."
phone_photo_adaptation,PRO,9,"The model took 'phone snapshot framing' literally by placing the scene inside a phone camera UI, which is a creative and effective interpretation. All required elements are present, and the style perfectly matches the requested warm, hand-painted animated film look with watercolor backgrounds."
phone_photo_adaptation,FLASH,9,"The image perfectly captures the requested style, characters, setting, and lighting. However, it misses the 'candid phone-photo-like' and 'imperfect snapshot framing' constraints, as the composition is very traditional, wide, and perfectly balanced."
phone_photo_adaptation,IMAGEN-4-FAST,5,"The model interpreted 'phone-photo-like' literally by drawing a large phone/tablet frame around the image, which detracts from the scene. It also failed the subject count, generating one adult and two children (a girl and a baby) instead of two adults and one child. The art style inside the frame is a good match for the requested animated film look."
phone_photo_adaptation,IMAGEN-4-STANDARD,9,"Excellent adherence to the prompt and style target. The 2D animated film style is perfectly executed with clean shapes and a warm watercolor background. All required elements are present. The 'phone snapshot framing' is interpreted as a rounded black border, which works well enough."
phone_photo_adaptation,IMAGEN-4-ULTRA,7,"The model included all requested elements perfectly, including the stroller, blanket, and characters. However, it took 'phone snapshot framing' too literally by rendering an actual smartphone device around the image, rather than just applying a candid composition to the scene itself. The animation style is very well executed."
low_light_room,PRO,9,"Excellent adherence to the prompt and style target. The watercolor animated film aesthetic is perfectly captured. All required elements are present, though the chipped mug is placed on top of the three books rather than strictly 'beside' them. No stray text."
low_light_room,FLASH,8,"The image beautifully captures the requested watercolor animation style and successfully includes all complex elements like the chipped mug, three stacked books, rain streaks, and the specific mirror reflection. However, the model hallucinated unprompted text on the book spines, which negatively impacts the text rendering score."
low_light_room,IMAGEN-4-FAST,9,"Excellent adherence to the prompt. The style perfectly matches the requested warm hand-painted animated feature film look with clean shapes. All required elements are present, including exactly three books, a chipped mug, rain streaks, and soft shadows. The mirror reflection is present, though it reflects the lamp's shadow as well as the glow."
low_light_room,IMAGEN-4-STANDARD,6,"The image captures the mood and most elements well, including the chipped mug and rain. However, it fails the specific constraint 'mirror reflecting only the lamp glow' by reflecting the lamp itself, the window, and the rain. There is also an extra open book not mentioned in the prompt. The style leans more towards flat digital 2D animation rather than rich watercolor."
low_light_room,IMAGEN-4-ULTRA,7,"The image captures the mood and style well, with clean shapes and a warm atmosphere. However, it fails two specific constraints: the chipped mug is placed on top of the books rather than beside them, and the mirror reflects the physical lamp head rather than 'only the lamp glow'."
kitchen_sign,CHATGPT-MANUAL,10,"The image perfectly captures the requested scene with all required elements and exact text rendered flawlessly. The style matches the warm, hand-painted animated film aesthetic beautifully."
market_map,CHATGPT-MANUAL,10,"The image perfectly captures all required elements, including the exact text on exactly four stalls. The style is a beautiful, warm watercolor reminiscent of animated feature films. Excellent composition and execution."
train_platform,CHATGPT-MANUAL,10,"Flawless execution. All counts (one suitcase, two lanterns, one cat) and spatial relationships (suitcase on the left, cat to the right of the blue vending machine) are perfectly accurate. The style beautifully captures the requested warm, hand-painted animated feature film aesthetic with a clean, highly editable composition."
rainy_bicycle,CHATGPT-MANUAL,10,"The image perfectly captures all required elements, including the specific placement of the raincoat on the left handlebar and the basket on the rear rack. The style beautifully matches the requested warm, hand-painted animated film look with rich watercolor textures and clean shapes."
character_sheet,CHATGPT-MANUAL,9,"Excellent character sheet that perfectly captures the requested outfit, views, and consistency. The style matches the warm, hand-painted animated look well, though it lacks the requested 'rich watercolor background' in favor of a standard clean character sheet background. Highly editable and accurate."
tiny_workshop,CHATGPT-MANUAL,7,"The image successfully captures the attic workshop setting and includes most required elements, but fails the exact count constraint by including 8 jars instead of exactly 7. The style leans more towards a detailed 3D render or digital painting rather than the requested hand-painted watercolor look."
no_extra_animals,CHATGPT-MANUAL,10,"The image perfectly follows all instructions, including negative prompts. The style is a beautiful, warm watercolor animation still as requested. No stray text or logos."
poster_layout,CHATGPT-MANUAL,10,"Perfectly executes the layout constraints with a beautiful, on-target style. The blank sky and foreground strip are ideal for adding text, and the central road draws the eye perfectly to the cliffside town."
phone_photo_adaptation,CHATGPT-MANUAL,10,"Perfectly captures all requested elements, including the clever use of a selfie angle to achieve the 'phone snapshot framing'. The style is a beautiful, warm, hand-painted animation look with rich watercolor textures. No stray text."
low_light_room,CHATGPT-MANUAL,10,"Flawless execution of the prompt. All required elements are present, including exactly three books, a chipped mug, and a mirror reflecting only the lamp's glow. The style perfectly matches the requested warm, hand-painted watercolor animated film aesthetic."
